id,imagepath,rowIndex
7,Assets/Art/UI/Dynamic/MechaIcon/UIKillReport_M1.png,5
8,Assets/Art/UI/Dynamic/MechaIcon/UIKillReport_M2.png,6
9,Assets/Art/UI/Dynamic/MechaIcon/UIKillReport_M3.png,7
10,Assets/Art/UI/Dynamic/MechaIcon/UIKillReport_M4.png,8
11,Assets/Art/UI/Dynamic/MechaIcon/UIKillReport_M5.png,9
12,Assets/Art/UI/Dynamic/MechaIcon/UIKillReport_M12.png,10
13,Assets/Art/UI/Dynamic/MechaIcon/UIKillReport_M9.png,11
101,Assets/Art/UI/Dynamic/Mecha/BigHead/UIM1.png,12
102,Assets/Art/UI/Dynamic/Mecha/BigHead/UIM2.png,13
103,Assets/Art/UI/Dynamic/Mecha/BigHead/UIM3.png,14
104,Assets/Art/UI/Dynamic/Mecha/BigHead/UIM4.png,15
105,Assets/Art/UI/Dynamic/Mecha/BigHead/UIM5.png,16
107,Assets/Art/UI/Dynamic/Mecha/BigHead/UIM7.png,17
109,Assets/Art/UI/Dynamic/Mecha/BigHead/UIM9.png,18
112,Assets/Art/UI/Dynamic/Mecha/BigHead/UIM12.png,19
301,Assets/Art/UI/Dynamic/Mecha/SmallHead/UIM1.png,20
302,Assets/Art/UI/Dynamic/Mecha/SmallHead/UIM2.png,21
303,Assets/Art/UI/Dynamic/Mecha/SmallHead/UIM3.png,22
304,Assets/Art/UI/Dynamic/Mecha/SmallHead/UIM4.png,23
305,Assets/Art/UI/Dynamic/Mecha/SmallHead/UIM5.png,24
307,Assets/Art/UI/Dynamic/Mecha/SmallHead/UIM7.png,25
309,Assets/Art/UI/Dynamic/Mecha/SmallHead/UIM9.png,26
312,Assets/Art/UI/Dynamic/Mecha/SmallHead/UIM12.png,27
401,Assets/Art/UI/Dynamic/MechaTag/UIMechaFeature_M1.png,28
402,Assets/Art/UI/Dynamic/MechaTag/UIMechaFeature_M2.png,29
403,Assets/Art/UI/Dynamic/MechaTag/UIMechaFeature_M3.png,30
404,Assets/Art/UI/Dynamic/MechaTag/UIMechaFeature_M4.png,31
405,Assets/Art/UI/Dynamic/MechaTag/UIMechaFeature_M5.png,32
407,Assets/Art/UI/Dynamic/MechaTag/UIMechaFeature_M7.png,33
409,Assets/Art/UI/Dynamic/MechaTag/UIMechaFeature_M9.png,34
412,Assets/Art/UI/Dynamic/MechaTag/UIMechaFeature_M12.png,35
501,Assets/Art/UI/Dynamic/MechaTag/UIMechaTag_Recon.png,36
502,Assets/Art/UI/Dynamic/MechaTag/UIMechaTag_Assault.png,37
503,Assets/Art/UI/Dynamic/MechaTag/UIMechaTag_Standard.png,38
504,Assets/Art/UI/Dynamic/MechaTag/UIMechaTag_Fortress.png,39
505,Assets/Art/UI/Dynamic/MechaTag/UIMechaTag_Destroyer.png,40
601,Assets/Art/UI/Dynamic/Camp/UICampLogo_CTF_1.png,41
602,Assets/Art/UI/Dynamic/Camp/UIFirmLogo_CCDU_1.png,42
603,Assets/Art/UI/Dynamic/Camp/UIFirmLogo_VSA_1.png,43
604,Assets/Art/UI/Dynamic/Camp/UIFirmLogo_LunarMare_2.png,44
611,Assets/Art/UI/Dynamic/Camp/UICampLogo_Salem_1.png,45
616,Assets/Art/UI/Dynamic/Camp/UIFirmLogo_Ouye_1.png,46
622,Assets/Art/UI/Dynamic/Camp/UICampLogo_Kamiya_1.png,47
629,Assets/Art/UI/Dynamic/Camp/UICampLogo_Circulus_1.png,48
643,Assets/Art/UI/Dynamic/Camp/UICampLogo_Arkadia_1.png,49
701,Assets/Art/UI/Dynamic/Mecha/BigHead/UIM1_Line.png,50
702,Assets/Art/UI/Dynamic/Mecha/BigHead/UIM2_Line.png,51
703,Assets/Art/UI/Dynamic/Mecha/BigHead/UIM3_Line.png,52
704,Assets/Art/UI/Dynamic/Mecha/BigHead/UIM4_Line.png,53
705,Assets/Art/UI/Dynamic/Mecha/BigHead/UIM5_Line.png,54
707,Assets/Art/UI/Dynamic/Mecha/BigHead/UIM7_Line.png,55
709,Assets/Art/UI/Dynamic/Mecha/BigHead/UIM9_Line.png,56
712,Assets/Art/UI/Dynamic/Mecha/BigHead/UIM12_Line.png,57
800,Assets/Art/UI/Module/Settlement/Textures/UISettlementStatistics_M1.png,58
801,Assets/Art/UI/Module/Settlement/Textures/UISettlementStatistics_M1.png,59
802,Assets/Art/UI/Module/Settlement/Textures/UISettlementStatistics_M2.png,60
803,Assets/Art/UI/Module/Settlement/Textures/UISettlementStatistics_M3.png,61
804,Assets/Art/UI/Module/Settlement/Textures/UISettlementStatistics_M4.png,62
805,Assets/Art/UI/Module/Settlement/Textures/UISettlementStatistics_M5.png,63
809,Assets/Art/UI/Module/Settlement/Textures/UISettlementStatistics_M9.png,64
812,Assets/Art/UI/Module/Settlement/Textures/UISettlementStatistics_M12.png,65
999,Assets/Art/UI/Dynamic/StatisticsIcon/UIStatisticsIcon_All.png,66
10001,Assets/Art/UI/Dynamic/Map/Middle/UICario.png,67
10002,Assets/Art/UI/Dynamic/Map/Middle/UIFictionalBattle.png,68
10003,Assets/Art/UI/Dynamic/Map/Middle/UIFictionalBattle.png,69
10004,Assets/Art/UI/Dynamic/Map/Middle/UIFictionalBattle.png,70
10005,Assets/Art/UI/Dynamic/Map/Middle/UIDiePlay.png,71
10006,Assets/Art/UI/Dynamic/Map/Middle/UIIsland.png,72
10007,Assets/Art/UI/Dynamic/Map/Middle/UILongTrain.png,73
10008,Assets/Art/UI/Dynamic/Map/Middle/UIFallBattle.png,74
10009,Assets/Art/UI/Dynamic/Map/Middle/UIMashmakIslands.png,75
10010,Assets/Art/UI/Dynamic/Map/Middle/UILight3v3city.png,76
10011,Assets/Art/UI/Dynamic/Map/Middle/UIFactory3v3.png,77
12001,Assets/Art/UI/Module/EnemyLock/Textures/UIHUD_EnemyHP_Lock_AS_Locks_2.png,78
13001,Assets/Art/UI/Dynamic/Map/Middle/UIVirtual.png,79
13002,Assets/Art/UI/Dynamic/Map/Middle/UIMaincenter.png,80
13003,Assets/Art/UI/Dynamic/Map/Middle/UIMashmak.png,81
13004,Assets/Art/UI/Dynamic/Map/Middle/UIBattleground.png,82
13005,Assets/Art/UI/Dynamic/Map/Middle/UIArena.png,83
14001,Assets/Art/UI/Dynamic/Map/Big/UIFictionalBattle.png,84
14002,Assets/Art/UI/Dynamic/Map/Big/UICario.png,85
14003,Assets/Art/UI/Dynamic/Map/Big/UIFictionalBattle.png,86
14004,Assets/Art/UI/Dynamic/Map/Big/UICario.png,87
14006,Assets/Art/UI/Dynamic/Map/Big/UIFictionalBattle.png,88
14007,Assets/Art/UI/Dynamic/Map/Big/UIIsland.png,89
14008,Assets/Art/UI/Dynamic/Map/Big/UIDiePlay.png,90
14009,Assets/Art/UI/Dynamic/Map/Big/UILongTrain.png,91
14010,Assets/Art/UI/Dynamic/Map/Big/UIFallBattle.png,92
14011,Assets/Art/UI/Dynamic/Map/Big/UIMashmakIslands.png,93
15011,Assets/Art/UI/Module/Settlement/Textures/UISettlementScoreIcon_1.png,94
15012,Assets/Art/UI/Module/Settlement/Textures/UISettlementScoreIcon_2.png,95
15013,Assets/Art/UI/Module/Settlement/Textures/UISettlementScoreIcon_3.png,96
15014,Assets/Art/UI/Module/Settlement/Textures/UISettlementScoreTextIcon_1.png,97
15015,Assets/Art/UI/Module/Settlement/Textures/UISettlementScoreTextIcon_2.png,98
15016,Assets/Art/UI/Module/Settlement/Textures/UISettlementScoreTextIcon_3.png,99
16001,Assets/Art/UI/Dynamic/QuickChatIcon/UIQuickChatIcon_Go.png,100
17002,Assets/Art/UI/Module/CustomRoom/Textures/UICustomRoomBattleIcon_Arena.png,101
17003,Assets/Art/UI/Module/CustomRoom/Textures/UICustomRoomBattleIcon_Battleground.png,102
17004,Assets/Art/UI/Module/CustomRoom/Textures/UICustomRoomBattleIcon_Mashmak.png,103
18001,Assets/Art/UI/Dynamic/Match/UIMode_SuccessfulMatches_Cairo.png,104
18002,Assets/Art/UI/Dynamic/Match/UIMode_SuccessfulMatches_Virtual.png,105
20002,Assets/Art/UI/Dynamic/MechapartsIcon/UIM1_Skill_RB_Cg_Mechaparts.png,106
20003,Assets/Art/UI/Dynamic/Item/Temp/UIDemo_Icon_RepairBot.png,107
20004,Assets/Art/UI/Dynamic/Item/Temp/UIDemo_Icon_Ejector.png,108
20006,Assets/Art/UI/Dynamic/Item/Temp/UIChip_Attack.png,109
20007,Assets/Art/UI/Dynamic/Item/Temp/UIChip_Health.png,110
20009,Assets/Art/UI/Dynamic/Item/Temp/UIDemo_Icon_Backpack.png,111
20011,Assets/Art/UI/Dynamic/Currency/UICurrencyMoney_Big.png,112
20012,Assets/Art/UI/Dynamic/Currency/UICurrencyDiamond_Big.png,113
20013,Assets/Art/UI/Dynamic/MechapartsIcon/UIM1_SkillA1_MechaItems_01.png,114
20014,Assets/Art/UI/Dynamic/MechapartsIcon/UIM1_SkillA1_MechaItems_02.png,115
20015,Assets/Art/UI/Dynamic/BP/UIBP_EIC.png,116
20016,Assets/Art/UI/Dynamic/MechapartsIcon/UIM1_SkillA1_MechaItems_03.png,117
20017,Assets/Art/UI/Dynamic/Item/Temp/UIChip_Move.png,118
20018,Assets/Art/UI/Dynamic/Item/Temp/UIChip_Power.png,119
20019,Assets/Art/UI/Dynamic/Item/Temp/UIChip_Shield.png,120
20020,Assets/Art/UI/Dynamic/Item/Temp/UIChip_Battle.png,121
20022,Assets/Art/UI/Dynamic/BP/UIBP_MechaIcon03.png,122
20023,Assets/Art/UI/Dynamic/DIYIcon/PatternIcon/UIDIY_PatternIcon_Ele_28.png,123
20024,Assets/Art/UI/Dynamic/MechapartsIcon/UIMechaPart_All.png,124
20025,Assets/Art/UI/Dynamic/MechapartsIcon/UIMechaPart_Head.png,125
20026,Assets/Art/UI/Dynamic/MechapartsIcon/UIMechaPart_Body.png,126
20027,Assets/Art/UI/Dynamic/BP/UIBP_TitleIconBg.png,127
20028,Assets/Art/UI/Dynamic/AchieveIcon/UIAchieveIcon_02.png,128
20029,Assets/Art/UI/Dynamic/MechapartsIcon/UIM1_Skill_Test.png,129
20030,Assets/Art/UI/Dynamic/MechapartsIcon/UIMechaPart_SecondWeapon.png,130
20031,Assets/Art/UI/Dynamic/DIYIcon/PatternIcon/UIDIY_PatternIcon_Geo_1.png,131
20032,Assets/Art/UI/Dynamic/DIYIcon/PatternIcon/UIDIY_PatternIcon_Geo_2.png,132
20033,Assets/Art/UI/Dynamic/BP/UIBP_Coil.png,133
20034,Assets/Art/UI/Dynamic/BP/UIBP_Motor.png,134
20035,Assets/Art/UI/Dynamic/MechapartsIcon/UIM1_SkillA1_Mechaparts.png,135
20036,Assets/Art/UI/Dynamic/MechapartsIcon/UIM1_SkillA2_Mechaparts.png,136
20037,Assets/Art/UI/Dynamic/MechapartsIcon/UIM1_SkillB1_Mechaparts.png,137
20038,Assets/Art/UI/Dynamic/MechapartsIcon/UIM1_SkillB1_Cg_Mechaparts.png,138
20039,Assets/Art/UI/Dynamic/MechapartsIcon/UIM1_SkillD2_Mechaparts.png,139
20040,Assets/Art/UI/Dynamic/MechapartsIcon/UIM1_SkillB3_Mechaparts.png,140
20041,Assets/Art/UI/Dynamic/MechapartsIcon/UIM1_SkillB3_SP1_Mechaparts.png,141
20042,Assets/Art/UI/Dynamic/MechapartsIcon/UIMechaPart_LeftArm.png,142
20043,Assets/Art/UI/Dynamic/MechapartsIcon/UIMechaPart_LeftLeg.png,143
20044,Assets/Art/UI/Dynamic/MechapartsIcon/UIMechaPart_Back.png,144
20045,Assets/Art/UI/Dynamic/MechapartsIcon/UIM1_Main_Barrel_1_Mechaparts.png,145
20046,Assets/Art/UI/Dynamic/MechapartsIcon/UIM1_Main_Gunsight_1_Mechaparts.png,146
20047,Assets/Art/UI/Dynamic/MechapartsIcon/UIM1_Main_Gunstock_1_Mechaparts.png,147
20048,Assets/Art/UI/Dynamic/MechapartsIcon/UIM2_SkillB1_2_Mechaparts.png,148
20049,Assets/Art/UI/Dynamic/MechapartsIcon/UIM2_SkillA1_Mechaparts.png,149
20050,Assets/Art/UI/Dynamic/MechapartsIcon/UIM2_Skill_LB_Cg2_Mechaparts.png,150
20051,Assets/Art/UI/Dynamic/MechapartsIcon/UIM2_Skill_RB_Cg1_Mechaparts.png,151
20052,Assets/Art/UI/Dynamic/MechapartsIcon/UIM2_SkillB1_1_Mechaparts.png,152
20053,Assets/Art/UI/Dynamic/MechapartsIcon/UIM2_Sp1_Cg1_Mechaparts.png,153
20054,Assets/Art/UI/Dynamic/MechapartsIcon/UIM2_SkillB3_Mechaparts.png,154
20055,Assets/Art/UI/Dynamic/MechapartsIcon/UIM2_Skill_Sp2_Cg_Mechaparts.png,155
20056,Assets/Art/UI/Dynamic/MechapartsIcon/UIM2_SkillB4_Mechaparts.png,156
20057,Assets/Art/UI/Dynamic/MechapartsIcon/UIM2_Skill_Sp1_Cg_Mechaparts.png,157
20058,Assets/Art/UI/Dynamic/MechapartsIcon/UIM2_SkillB1_2_Barrel_1_Mechaparts.png,158
20059,Assets/Art/UI/Dynamic/MechapartsIcon/UIM2_SkillB1_2_Gunsight_1_Mechaparts.png,159
20060,Assets/Art/UI/Dynamic/MechapartsIcon/UIM2_SkillB1_2_Gunstock_1_Mechaparts.png,160
20061,Assets/Art/UI/Dynamic/MechapartsIcon/UIM3_SKillA1_Mechaparts.png,161
20062,Assets/Art/UI/Dynamic/MechapartsIcon/UIM3_Main_Second_Cg_Mechaparts.png,162
20063,Assets/Art/UI/Dynamic/MechapartsIcon/UIM3_SKillB1_Mechaparts.png,163
20064,Assets/Art/UI/Dynamic/MechapartsIcon/UIM3_SKillA2_Mechaparts.png,164
20065,Assets/Art/UI/Dynamic/MechapartsIcon/UIM3_Sp1_Cg1_Mechaparts.png,165
20066,Assets/Art/UI/Dynamic/MechapartsIcon/UIM3_Sp1_Cg2_Mechaparts.png,166
20067,Assets/Art/UI/Dynamic/MechapartsIcon/UIM3_SKillB2_Mechaparts.png,167
20068,Assets/Art/UI/Dynamic/MechapartsIcon/UIM3_SKillB3_Mechaparts.png,168
20069,Assets/Art/UI/Dynamic/MechapartsIcon/UIM3_SKillA1_Barrel_1_Mechaparts.png,169
20070,Assets/Art/UI/Dynamic/MechapartsIcon/UIM3_SKillA1_Gunsight_1_Mechaparts.png,170
20071,Assets/Art/UI/Dynamic/MechapartsIcon/UIM3_SKillA1_Gunstock_1_Mechaparts.png,171
20072,Assets/Art/UI/Dynamic/MechapartsIcon/UIM3_SKillB2_Barrel_1_Mechaparts.png,172
20073,Assets/Art/UI/Dynamic/MechapartsIcon/UIM3_SKillB2_Gunsight_1_Mechaparts.png,173
20074,Assets/Art/UI/Dynamic/MechapartsIcon/UIM3_SKillB2_Gunstock_1_Mechaparts.png,174
20075,Assets/Art/UI/Dynamic/MechapartsIcon/UIM4_SkillA1_Mechaparts.png,175
20076,Assets/Art/UI/Dynamic/MechapartsIcon/UIM4_SkillB1_Mechaparts.png,176
20077,Assets/Art/UI/Dynamic/MechapartsIcon/UIM4_SkillB3_Mechaparts.png,177
20078,Assets/Art/UI/Dynamic/MechapartsIcon/UIM4_SkillB3_Sp1_Mechaparts.png,178
20079,Assets/Art/UI/Dynamic/MechapartsIcon/UIM4_SkillD1_Mechaparts.png,179
20080,Assets/Art/UI/Dynamic/MechapartsIcon/UIM4_Skill_Sp2_Cg_Mechaparts.png,180
20081,Assets/Art/UI/Dynamic/MechapartsIcon/UIM4_SkillB4_Mechaparts.png,181
20082,Assets/Art/UI/Dynamic/MechapartsIcon/UIM4_Skill_Sp3_Cg_Mechaparts.png,182
20083,Assets/Art/UI/Dynamic/MechapartsIcon/UIM4_SkillA1_Barrel_1_Mechaparts.png,183
20084,Assets/Art/UI/Dynamic/MechapartsIcon/UIM4_SkillA1_Gunsight_1_Mechaparts.png,184
20085,Assets/Art/UI/Dynamic/MechapartsIcon/UIM4_SkillA1_Gunstock_1_Mechaparts.png,185
20086,Assets/Art/UI/Dynamic/MechapartsIcon/UIM4_SkillB4_Barrel_1_Mechaparts.png,186
20087,Assets/Art/UI/Dynamic/MechapartsIcon/UIM4_SkillB4_Gunsight_1_Mechaparts.png,187
20088,Assets/Art/UI/Dynamic/MechapartsIcon/UIM4_SkillB4_Gunstock_1_Mechaparts.png,188
20089,Assets/Art/UI/Dynamic/MechapartsIcon/UIM5_SkillA1_Mechaparts.png,189
20090,Assets/Art/UI/Dynamic/MechapartsIcon/UIM5_SkillA1_Sp1_Mechaparts.png,190
20091,Assets/Art/UI/Dynamic/MechapartsIcon/UIM5_SkillA2_Mechaparts.png,191
20092,Assets/Art/UI/Dynamic/MechapartsIcon/UIM5_SkillB1_Mechaparts.png,192
20093,Assets/Art/UI/Dynamic/MechapartsIcon/UIM5_SkillB1_Sp1_Mechaparts.png,193
20094,Assets/Art/UI/Dynamic/MechapartsIcon/UIM5_SkillB2_Mechaparts.png,194
20095,Assets/Art/UI/Dynamic/MechapartsIcon/UIM5_Sp2_Cg1_Mechaparts.png,195
20096,Assets/Art/UI/Dynamic/MechapartsIcon/UIM5_Sp2_Cg2_Mechaparts.png,196
20097,Assets/Art/UI/Dynamic/MechapartsIcon/UIM5_SkillD1_Mechaparts.png,197
20098,Assets/Art/UI/Dynamic/MechapartsIcon/UIM5_SkillA1_Barrel_1_Mechaparts.png,198
20099,Assets/Art/UI/Dynamic/MechapartsIcon/UIM5_SkillA1_Gunsight_1_Mechaparts.png,199
20100,Assets/Art/UI/Dynamic/MechapartsIcon/UIM5_SkillA1_Gunstock_1_Mechaparts.png,200
20101,Assets/Art/UI/Dynamic/MechapartsIcon/UIM5_SkillA1_Sp1_Barrel_1_Mechaparts.png,201
20102,Assets/Art/UI/Dynamic/MechapartsIcon/UIM5_SkillA1_Sp1_Gunsight_1_Mechaparts.png,202
20103,Assets/Art/UI/Dynamic/MechapartsIcon/UIM5_SkillA1_Sp1_Gunstock_1_Mechaparts.png,203
20104,Assets/Art/UI/Dynamic/MechapartsIcon/UIM9_SkillA1_Mechaparts.png,204
20105,Assets/Art/UI/Dynamic/MechapartsIcon/UIM9_Main_Cg1_Mechaparts.png,205
20106,Assets/Art/UI/Dynamic/MechapartsIcon/UIM9_Main_Cg2_Mechaparts.png,206
20107,Assets/Art/UI/Dynamic/MechapartsIcon/UIM9_SkillB1_Mechaparts.png,207
20108,Assets/Art/UI/Dynamic/MechapartsIcon/UIM9_Second_Cg1_Mechaparts.png,208
20109,Assets/Art/UI/Dynamic/MechapartsIcon/UIM9_Second_Cg2_Mechaparts.png,209
20110,Assets/Art/UI/Dynamic/MechapartsIcon/UIM9_SkillB2_Mechaparts.png,210
20111,Assets/Art/UI/Dynamic/MechapartsIcon/UIM9_Sp1_Cg1_Mechaparts.png,211
20112,Assets/Art/UI/Dynamic/MechapartsIcon/UIM9_Sp3_Cg1_Mechaparts.png,212
20113,Assets/Art/UI/Dynamic/MechapartsIcon/UIM9_Sp2_Cg1_Mechaparts.png,213
20114,Assets/Art/UI/Dynamic/MechapartsIcon/UIM9_SkillB3_Mechaparts.png,214
20115,Assets/Art/UI/Dynamic/MechapartsIcon/UIM9_SkillB4_Mechaparts.png,215
20116,Assets/Art/UI/Dynamic/MechapartsIcon/UIM9_Sp3_Cg2_Mechaparts.png,216
20117,Assets/Art/UI/Dynamic/MechapartsIcon/UIM9_SkillA1_Barrel_1_Mechaparts.png,217
20118,Assets/Art/UI/Dynamic/MechapartsIcon/UIM9_SkillA1_Gunsight_1_Mechaparts.png,218
20119,Assets/Art/UI/Dynamic/MechapartsIcon/UIM9_SkillA1_Gunstock_1_Mechaparts.png,219
20120,Assets/Art/UI/Dynamic/MechapartsIcon/UIM9_SkillB3_Barrel_1_Mechaparts.png,220
20121,Assets/Art/UI/Dynamic/MechapartsIcon/UIM9_SkillB3_Gunsight_1_Mechaparts.png,221
20122,Assets/Art/UI/Dynamic/MechapartsIcon/UIM9_SkillB3_Gunstock_1_Mechaparts.png,222
20123,Assets/Art/UI/Dynamic/MechapartsIcon/UIM12_SkillA2_Mechaparts.png,223
20124,Assets/Art/UI/Dynamic/MechapartsIcon/UIM12_LB_Cg_Mechaparts.png,224
20125,Assets/Art/UI/Dynamic/MechapartsIcon/UIM12_SkillB3_Mechaparts.png,225
20126,Assets/Art/UI/Dynamic/MechapartsIcon/UIM12_SkillB_RB_Cg2_Mechaparts.png,226
20127,Assets/Art/UI/Dynamic/MechapartsIcon/UIM12_SkillB1_Mechaparts.png,227
20128,Assets/Art/UI/Dynamic/MechapartsIcon/UIM12_SkillB2_Mechaparts.png,228
20129,Assets/Art/UI/Dynamic/MechapartsIcon/UIM12_SkillB_Sp2_Cg_Mechaparts.png,229
20130,Assets/Art/UI/Dynamic/MechapartsIcon/UIM12_SkillA1_Mechaparts.png,230
20131,Assets/Art/UI/Dynamic/MechapartsIcon/UIM12_SkillB_Sp3_Cg_Mechaparts.png,231
20132,Assets/Art/UI/Dynamic/MechapartsIcon/UIM12_SkillA2_Barrel_1_Mechaparts.png,232
20133,Assets/Art/UI/Dynamic/MechapartsIcon/UIM12_SkillA2_Gunsight_1_Mechaparts.png,233
20134,Assets/Art/UI/Dynamic/MechapartsIcon/UIM12_SkillA2_Gunstock_1_Mechaparts.png,234
20135,Assets/Art/UI/Dynamic/MechapartsIcon/UIM12_SkillB2_Barrel_1_Mechaparts.png,235
20136,Assets/Art/UI/Dynamic/MechapartsIcon/UIM12_SkillB2_Gunsight_1_Mechaparts.png,236
20137,Assets/Art/UI/Dynamic/MechapartsIcon/UIM12_SkillB2_Gunstock_1_Mechaparts.png,237
20138,Assets/Art/UI/Dynamic/MechapartsIcon/UIM12_SkillA1_Barrel_1_Mechaparts.png,238
20139,Assets/Art/UI/Dynamic/MechapartsIcon/UIM12_SkillA1_Gunsight_1_Mechaparts.png,239
20140,Assets/Art/UI/Dynamic/MechapartsIcon/UIM12_SkillA1_Gunstock_1_Mechaparts.png,240
20141,Assets/Art/UI/Dynamic/MechapartsIcon/UIM12_SkillB_Sp3_Barrel_1Cg_Mechaparts.png,241
20142,Assets/Art/UI/Dynamic/MechapartsIcon/UIM12_SkillB_Sp3_Gunsight_1_Cg_Mechaparts.png,242
20143,Assets/Art/UI/Dynamic/MechapartsIcon/UIM12_SkillB_Sp3_Gunstock_1_Cg_Mechaparts.png,243
20144,Assets/Art/UI/Dynamic/BP/UIBP_Mecha03.png,244
20145,Assets/Art/UI/Dynamic/DIYIcon/PatternIcon/UIDIY_PatternIcon_Cn_2.png,245
20146,Assets/Art/UI/Dynamic/DIYIcon/PatternIcon/UIDIY_PatternIcon_Cn_3.png,246
20147,Assets/Art/UI/Dynamic/MechapartsIcon/UIM3_Sp2_Cg2_Mechaparts.png,247
20148,Assets/Art/UI/Dynamic/MechapartsIcon/UIM9_Sp2_Cg2_Mechaparts.png,248
20149,Assets/Art/UI/Dynamic/MechapartsIcon/UIM2_Sp2_Cg2_Mechaparts.png,249
20151,Assets/Art/UI/Dynamic/MechapartsIcon/UIM4_RB_Cg1_Mechaparts.png,250
20152,Assets/Art/UI/Dynamic/MechapartsIcon/UIM1_Skill_Sp3_Cg2_Mechaparts.png,251
20153,Assets/Art/UI/Dynamic/MechapartsIcon/UIM12_Skill_Sp2_Cg2_Mechaparts.png,252
20154,Assets/Art/UI/Dynamic/MechapartsIcon/UIM1_Skill_Sp3_Cg2_Mechaparts.png,253
20155,Assets/Art/UI/Dynamic/MechapartsIcon/UIM12_Skill_Sp2_Cg2_Mechaparts.png,254
20156,Assets/Art/UI/Dynamic/MechapartsIcon/UIM2_Sp1_Cg2_Mechaparts.png,255
20158,Assets/Art/UI/Dynamic/MechapartsIcon/UIM7_Sp2_Mechaparts.png,256
20159,Assets/Art/UI/Dynamic/MechapartsIcon/UIM7_Second_Mechaparts.png,257
20160,Assets/Art/UI/Dynamic/MechapartsIcon/UIM7_Sp1_Mechaparts.png,258
20255,Assets/Art/UI/Dynamic/MechapartsIcon/UIM7_Sp3_Mechaparts.png,259
20256,Assets/Art/UI/Dynamic/MechapartsIcon/UIM7_Main_Mechaparts.png,260
20257,Assets/Art/UI/Dynamic/MechapartsIcon/UIM7_Second_Cg1_Mechaparts.png,261
30002,Assets/Art/UI/Dynamic/SkillIcon/UIM1_SkillA1.png,262
30003,Assets/Art/UI/Dynamic/SkillIcon/UIM1_SkillA1_Air.png,263
30004,Assets/Art/UI/Dynamic/SkillIcon/UIM1_SkillA2.png,264
30005,Assets/Art/UI/Dynamic/SkillIcon/UIM1_SkillB1.png,265
30006,Assets/Art/UI/Dynamic/SkillIcon/UIM1_SkillB3.png,266
30007,Assets/Art/UI/Dynamic/SkillIcon/UIM1_SkillB3_SP1.png,267
30008,Assets/Art/UI/Dynamic/SkillIcon/UIM1_SkillD2.png,268
30009,Assets/Art/UI/Dynamic/SkillIcon/UIM1_SkillD2_2.png,269
30010,Assets/Art/UI/Dynamic/SkillIcon/UIM1_AirPlaneRoll.png,270
30011,Assets/Art/UI/Dynamic/SkillIcon/UIM1_Skill_RB_Cg.png,271
30012,Assets/Art/UI/Dynamic/SkillIcon/UIM1_Skill_Sp1_Cg.png,272
30013,Assets/Art/UI/Dynamic/SkillIcon/UIM1_Skill_Sp3_Cg2.png,273
30014,Assets/Art/UI/Dynamic/SkillIcon/UIM2_SkillA1.png,274
30015,Assets/Art/UI/Dynamic/SkillIcon/UIM2_SkillA2.png,275
30016,Assets/Art/UI/Dynamic/SkillIcon/UIM2_SkillB1_1.png,276
30017,Assets/Art/UI/Dynamic/SkillIcon/UIM2_SkillB1_2.png,277
30018,Assets/Art/UI/Dynamic/SkillIcon/UIM2_SkillB3.png,278
30019,Assets/Art/UI/Dynamic/SkillIcon/UIM2_SkillB3_Move.png,279
30020,Assets/Art/UI/Dynamic/SkillIcon/UIM2_SkillB4.png,280
30021,Assets/Art/UI/Dynamic/SkillIcon/UIM2_SkillB4_1.png,281
30022,Assets/Art/UI/Dynamic/SkillIcon/UIM2_SkillB4_ControllableUAV_1.png,282
30023,Assets/Art/UI/Dynamic/SkillIcon/UIM2_SkillB4_ControllableUAV_2.png,283
30024,Assets/Art/UI/Dynamic/SkillIcon/UIM2_SkillB4_ControllableUAV_3.png,284
30025,Assets/Art/UI/Dynamic/SkillIcon/UIM2_Skill_Sp1_Cg.png,285
30026,Assets/Art/UI/Dynamic/SkillIcon/UIM2_Skill_Sp2_Cg.png,286
30027,Assets/Art/UI/Dynamic/SkillIcon/UIM2_Skill_LB_Cg2.png,287
30028,Assets/Art/UI/Dynamic/SkillIcon/UIM2_Skill_RB_Cg1.png,288
30029,Assets/Art/UI/Dynamic/SkillIcon/UIM2_Skill_RB_Cg1_Garage.png,289
30030,Assets/Art/UI/Dynamic/SkillIcon/UIM2_Sp1_Cg1.png,290
30031,Assets/Art/UI/Dynamic/SkillIcon/UIM3_SKillA1.png,291
30032,Assets/Art/UI/Dynamic/SkillIcon/UIM3_SKillA2.png,292
30033,Assets/Art/UI/Dynamic/SkillIcon/UIM3_SKillB1.png,293
30034,Assets/Art/UI/Dynamic/SkillIcon/UIM3_SKillB1_Garage.png,294
30035,Assets/Art/UI/Dynamic/SkillIcon/UIM3_SKillB2.png,295
30036,Assets/Art/UI/Dynamic/SkillIcon/UIM3_SKillB3.png,296
30037,Assets/Art/UI/Dynamic/SkillIcon/UIM3_SkillB3_2.png,297
30038,Assets/Art/UI/Dynamic/SkillIcon/UIM3_Sp2_Cg2.png,298
30039,Assets/Art/UI/Dynamic/SkillIcon/UIM3_Skill_Unicorn.png,299
30040,Assets/Art/UI/Dynamic/SkillIcon/UIM3_Switch.png,300
30041,Assets/Art/UI/Dynamic/SkillIcon/UIM4_SkillA1.png,301
30042,Assets/Art/UI/Dynamic/SkillIcon/UIM4_SkillB1.png,302
30043,Assets/Art/UI/Dynamic/SkillIcon/UIM4_SkillB3.png,303
30044,Assets/Art/UI/Dynamic/SkillIcon/UIM4_SkillB3_Sp1.png,304
30045,Assets/Art/UI/Dynamic/SkillIcon/UIM4_SkillB4.png,305
30046,Assets/Art/UI/Dynamic/SkillIcon/UIM4_SkillD1.png,306
30047,Assets/Art/UI/Dynamic/SkillIcon/UIM4_Skill_Sp3_Cg.png,307
30048,Assets/Art/UI/Dynamic/SkillIcon/UIM4_Skill_Sp2_Cg.png,308
30049,Assets/Art/UI/Dynamic/SkillIcon/UIM5_SkillA1.png,309
30050,Assets/Art/UI/Dynamic/SkillIcon/UIM5_SkillA1_Sp1.png,310
30051,Assets/Art/UI/Dynamic/SkillIcon/UIM5_SkillA1_Ver1.png,311
30052,Assets/Art/UI/Dynamic/SkillIcon/UIM5_SkillA2.png,312
30053,Assets/Art/UI/Dynamic/SkillIcon/UIM5_SkillA2_2.png,313
30054,Assets/Art/UI/Dynamic/SkillIcon/UIM5_SkillA2_Sp1.png,314
30055,Assets/Art/UI/Dynamic/SkillIcon/UIM5_SkillB1.png,315
30056,Assets/Art/UI/Dynamic/SkillIcon/UIM5_SkillB1_Sp1.png,316
30057,Assets/Art/UI/Dynamic/SkillIcon/UIM5_SkillB2.png,317
30058,Assets/Art/UI/Dynamic/SkillIcon/UIM5_SkillB2_2.png,318
30059,Assets/Art/UI/Dynamic/SkillIcon/UIM5_SkillD1.png,319
30060,Assets/Art/UI/Dynamic/SkillIcon/UIM5_Sp2_Cg2.png,320
30061,Assets/Art/UI/Dynamic/SkillIcon/UIM9_SkillA1.png,321
30062,Assets/Art/UI/Dynamic/SkillIcon/UIM9_Main_Cg1.png,322
30063,Assets/Art/UI/Dynamic/SkillIcon/UIM9_Main_Cg2.png,323
30064,Assets/Art/UI/Dynamic/SkillIcon/UIM9_SkillB1.png,324
30065,Assets/Art/UI/Dynamic/SkillIcon/UIM9_SkillB2.png,325
30066,Assets/Art/UI/Dynamic/SkillIcon/UIM9_SkillB3.png,326
30067,Assets/Art/UI/Dynamic/SkillIcon/UIM9_Sp1_Cg1.png,327
30068,Assets/Art/UI/Dynamic/SkillIcon/UIM9_Sp2_Cg1.png,328
30069,Assets/Art/UI/Dynamic/SkillIcon/UIM9_Sp3_Cg2.png,329
30070,Assets/Art/UI/Dynamic/SkillIcon/UIM9_SkillB4.png,330
30071,Assets/Art/UI/Dynamic/SkillIcon/UIM12_SkillA1.png,331
30072,Assets/Art/UI/Dynamic/SkillIcon/UIM12_SkillA2.png,332
30073,Assets/Art/UI/Dynamic/SkillIcon/UIM12_SkillB_Sp2_Cg.png,333
30074,Assets/Art/UI/Dynamic/SkillIcon/UIM12_SkillB1.png,334
30075,Assets/Art/UI/Dynamic/SkillIcon/UIM12_SkillB2.png,335
30076,Assets/Art/UI/Dynamic/SkillIcon/UIM12_SkillB3.png,336
30077,Assets/Art/UI/Dynamic/SkillIcon/UIM12_SkillB_Sp3_Cg.png,337
30078,Assets/Art/UI/Dynamic/SkillIcon/UIM12_SkillB_RB_Cg2.png,338
30079,Assets/Art/UI/Dynamic/SkillIcon/UIM12_SkillB_RB_Cg2_Garage.png,339
30080,Assets/Art/UI/Dynamic/SkillIcon/UIM12_Skill_Sp2_Cg2.png,340
30081,Assets/Art/UI/Dynamic/SkillIcon/UISkillIcon_Boost.png,341
30082,Assets/Art/UI/Dynamic/SkillIcon/UISkillIcon_Compatible.png,342
30083,Assets/Art/UI/Dynamic/SkillIcon/UIM5_Sp2_Cg1.png,343
30084,Assets/Art/UI/Dynamic/SkillIcon/UIM12_LB_Cg.png,344
30085,Assets/Art/UI/Dynamic/SkillIcon/UIM3_Sp1_Cg1.png,345
30086,Assets/Art/UI/Dynamic/SkillIcon/UIM3_Sp1_Cg2.png,346
30087,Assets/Art/UI/Dynamic/SkillIcon/UIM3_Main_Second_Cg.png,347
30088,Assets/Art/UI/Dynamic/SkillIcon/UIM9_Sp3_Cg1.png,348
30089,Assets/Art/UI/Dynamic/SkillIcon/UIM9_Sp2_Cg2.png,349
30090,Assets/Art/UI/Dynamic/SkillIcon/UIM4_RB_Cg1.png,350
30091,Assets/Art/UI/Dynamic/SkillIcon/UIM2_Sp2_Cg2.png,351
30092,Assets/Art/UI/Dynamic/SkillIcon/UIM7_Second.png,352
30093,Assets/Art/UI/Dynamic/SkillIcon/UIM7_Sp1.png,353
30094,Assets/Art/UI/Dynamic/SkillIcon/UIM7_Sp2.png,354
30095,Assets/Art/UI/Dynamic/SkillIcon/UIM7_Sp3.png,355
30096,Assets/Art/UI/Dynamic/SkillIcon/UIM1_Sp1_2.png,356
30097,Assets/Art/UI/Dynamic/SkillIcon/UIM2_Sp1_Cg2.png,357
30098,Assets/Art/UI/Dynamic/SkillIcon/UIM4_SkillD1_Uav.png,358
30101,Assets/Art/UI/Dynamic/SkillIcon/UIM7_Main.png,359
30102,Assets/Art/UI/Dynamic/SkillIcon/UIM3_Sp3_Cg1.png,360
30103,Assets/Art/UI/Dynamic/MechapartsIcon/UIM3_Sp3_Cg1_Mechaparts.png,361
30104,Assets/Art/UI/Dynamic/SkillIcon/UIM7_Second_Cg1.png,362
40002,Assets/Art/UI/Dynamic/Achievement/MiddleIcon/UIAchieveIcon_02.png,363
40003,Assets/Art/UI/Dynamic/Achievement/BigIcon/UIAchieveIcon_02.png,364
40004,Assets/Art/UI/Dynamic/Achievement/SmallIcon/UIAchieveIcon_02.png,365
40005,Assets/Art/UI/Dynamic/Achievement/MiddleIcon/UIAchieveIcon_03.png,366
40006,Assets/Art/UI/Dynamic/Achievement/BigIcon/UIAchieveIcon_03.png,367
40007,Assets/Art/UI/Dynamic/Achievement/SmallIcon/UIAchieveIcon_03.png,368
40008,Assets/Art/UI/Dynamic/Achievement/MiddleIcon/UIAchieveIcon_04.png,369
40009,Assets/Art/UI/Dynamic/Achievement/BigIcon/UIAchieveIcon_04.png,370
40010,Assets/Art/UI/Dynamic/Achievement/SmallIcon/UIAchieveIcon_04.png,371
40011,Assets/Art/UI/Dynamic/Achievement/MiddleIcon/UIAchieveIcon_05.png,372
40012,Assets/Art/UI/Dynamic/Achievement/BigIcon/UIAchieveIcon_05.png,373
40013,Assets/Art/UI/Dynamic/Achievement/SmallIcon/UIAchieveIcon_05.png,374
40014,Assets/Art/UI/Dynamic/Achievement/MiddleIcon/UIAchieveIcon_09.png,375
40015,Assets/Art/UI/Dynamic/Achievement/BigIcon/UIAchieveIcon_09.png,376
40016,Assets/Art/UI/Dynamic/Achievement/SmallIcon/UIAchieveIcon_09.png,377
40017,Assets/Art/UI/Dynamic/Achievement/MiddleIcon/UIAchieveIcon_07.png,378
40018,Assets/Art/UI/Dynamic/Achievement/BigIcon/UIAchieveIcon_07.png,379
40019,Assets/Art/UI/Dynamic/Achievement/SmallIcon/UIAchieveIcon_07.png,380
40020,Assets/Art/UI/Dynamic/Achievement/MiddleIcon/UIAchieveIcon_08.png,381
40021,Assets/Art/UI/Dynamic/Achievement/BigIcon/UIAchieveIcon_08.png,382
40022,Assets/Art/UI/Dynamic/Achievement/SmallIcon/UIAchieveIcon_08.png,383
40023,Assets/Art/UI/Dynamic/Achievement/MiddleIcon/UIAchieveIcon_00.png,384
40024,Assets/Art/UI/Dynamic/Achievement/BigIcon/UIAchieveIcon_00.png,385
40025,Assets/Art/UI/Dynamic/Achievement/SmallIcon/UIAchieveIcon_00.png,386
40026,Assets/Art/UI/Dynamic/PlayerCardBg/UIPlayerCardBg_L_01.png,387
40027,Assets/Art/UI/Dynamic/PlayerCardBg/UIPlayerCardBg_01.png,388
40028,Assets/Art/UI/Dynamic/PlayerCardBg/UIPlayerCardBg_L_05.png,389
40029,Assets/Art/UI/Dynamic/PlayerCardBg/UIPlayerCardBg_05.png,390
40030,Assets/Art/UI/Dynamic/PlayerCardBg/UIPlayerCardBg_L_06.png,391
40031,Assets/Art/UI/Dynamic/PlayerCardBg/UIPlayerCardBg_06.png,392
40032,Assets/Art/UI/Dynamic/PlayerCardBg/UIPlayerCardBg_L_03.png,393
40033,Assets/Art/UI/Dynamic/PlayerCardBg/UIPlayerCardBg_03.png,394
40034,Assets/Art/UI/Dynamic/PlayerCardBg/UIPlayerCardBg_L_02.png,395
40035,Assets/Art/UI/Dynamic/PlayerCardBg/UIPlayerCardBg_02.png,396
40036,Assets/Art/UI/Dynamic/PlayerCardBg/UIPlayerCardBg_L_04.png,397
40037,Assets/Art/UI/Dynamic/PlayerCardBg/UIPlayerCardBg_04.png,398
40038,Assets/Art/UI/Dynamic/DIYIcon/PatternIcon/UIDIY_PatternIcon_Geo_15.png,399
50002,Assets/Art/UI/Dynamic/Pilot/Middle/UIM12.png,400
50003,Assets/Art/UI/Dynamic/Pilot/Big/UIM12.png,401
50004,Assets/Art/UI/Dynamic/Pilot/Middle/UIM1.png,402
50005,Assets/Art/UI/Dynamic/Pilot/Big/UIM1.png,403
50006,Assets/Art/UI/Dynamic/Pilot/Middle/UIM2.png,404
50007,Assets/Art/UI/Dynamic/Pilot/Big/UIM2.png,405
50008,Assets/Art/UI/Dynamic/Pilot/Middle/UIM3.png,406
50009,Assets/Art/UI/Dynamic/Pilot/Big/UIM3.png,407
50010,Assets/Art/UI/Dynamic/Pilot/Middle/UIM4.png,408
50011,Assets/Art/UI/Dynamic/Pilot/Big/UIM4.png,409
50012,Assets/Art/UI/Dynamic/Pilot/Middle/UIM5.png,410
50013,Assets/Art/UI/Dynamic/Pilot/Big/UIM5.png,411
50014,Assets/Art/UI/Dynamic/Pilot/Middle/UIM9.png,412
50015,Assets/Art/UI/Dynamic/Pilot/Big/UIM9.png,413
50016,Assets/Art/UI/Dynamic/Pilot/Small/UIPinch_Icon.png,414
50017,Assets/Art/UI/Dynamic/Pilot/Small/UIPinch_Icon02.png,415
50018,Assets/Art/UI/Dynamic/Pilot/Small/UIPinch_Icon03.png,416
50019,Assets/Art/UI/Dynamic/Pilot/Small/UIPinch_IconEar.png,417
50020,Assets/Art/UI/Dynamic/Pilot/Small/UIPinch_IconEyebrow.png,418
50021,Assets/Art/UI/Dynamic/Pilot/Small/UIPinch_IconEyeshadow.png,419
50022,Assets/Art/UI/Dynamic/Pilot/Small/UIPinch_IconHair.png,420
50023,Assets/Art/UI/Dynamic/Pilot/Small/UIPinch_IconLine.png,421
50024,Assets/Art/UI/Dynamic/Pilot/Small/UIPinch_IconMustache.png,422
50025,Assets/Art/UI/Dynamic/Pilot/Small/UIPinch_IconNose.png,423
50026,Assets/Art/UI/Dynamic/Pilot/Small/UIPinch_IconPattern.png,424
50027,Assets/Art/UI/Dynamic/Pilot/Small/UIPinch_IconRed.png,425
60002,Assets/Art/UI/Dynamic/Shop/UIShopBanner05.png,426
60003,Assets/Art/UI/Dynamic/Shop/BannerMiddle/UIBannerMiddle_02_B.png,427
60004,Assets/Art/UI/Dynamic/Shop/BannerMiddle/UIBannerMiddle_02_F.png,428
60005,Assets/Art/UI/Dynamic/Shop/BannerMin/UIBannerMin_02_B.png,429
60006,Assets/Art/UI/Dynamic/Shop/BannerMin/UIBannerMin_02_F.png,430
60007,Assets/Art/UI/Dynamic/Shop/BannerMin/UIBannerMin_01_B.png,431
60008,Assets/Art/UI/Dynamic/Shop/BannerMin/UIBannerMin_01_F.png,432
60009,Assets/Art/UI/Dynamic/Shop/BannerMiddle/UIBannerMiddle_01_B.png,433
60010,Assets/Art/UI/Dynamic/Shop/BannerMiddle/UIBannerMiddle_01_F.png,434
80002,Assets/Art/UI/Dynamic/Currency/UICurrencyMoney.png,435
80003,Assets/Art/UI/Dynamic/Currency/UICurrencyDiamond.png,436
80006,Assets/Art/UI/Dynamic/DIYIcon/PatternIcon/UIDIY_PatternIcon_Geo_16.png,437
90001,Assets/Art/UI/Module/CustomRoom/Textures/UICustomRoomInfoCellMap01.png,438
90002,Assets/Art/UI/Module/CustomRoom/Textures/UICustomRoomInfoCellMap02.png,439
90003,Assets/Art/UI/Module/CustomRoom/Textures/UICustomRoomInfoCellMap03.png,440
100002,Assets/Art/UI/Module/BP/Textures/UIBPRawImage02.png,441
